{
  "data_split": "test1",
  "num_samples": 40,
  "timestamp": "2025-12-04T02:44:59.813403",
  "models": {
    "ministral-3b": {
      "rouge1": 0.41798176488080624,
      "rouge2": 0.1280299127395294,
      "rougeL": 0.21946149254084674
    },
    "ministral-8b": {
      "rouge1": 0.402489753497645,
      "rouge2": 0.12302485289220773,
      "rougeL": 0.20448864910041892
    }
  }
}